,Observed,Simulation
Total,0.44517,0.539
SOV,0.484,0.50512
HOV,0.41719,0.586
